{
	"info": {
		"_postman_id": "ef9fc220-aece-4c51-a0b8-e5389ec1bba9",
		"name": "API Playground Collection",
		"description": "These requests showcase some of the things you can do with the API",
		"schema": "https://schema.getpostman.com/json/collection/v2.1.0/collection.json",
		"_exporter_id": "23119434"
	},
	"item": [
		{
			"name": "Get All products",
			"event": [
				{
					"listen": "test",
					"script": {
						"exec": [
							"\r",
							"const responseData = pm.response.json();\r",
							"\r",
							"pm.test(\"Status code is 200\", function () {\r",
							"    pm.response.to.have.status(200);\r",
							"    \r",
							"});\r",
							"pm.test(\"Validate products contains value\", function() \r",
							"{\r",
							"pm.expect(responseData).to.have.property('data').that.is.an('array').that.is.not.empty;\r",
							"\r",
							"}\r",
							");\r",
							""
						],
						"type": "text/javascript",
						"packages": {}
					}
				}
			],
			"request": {
				"method": "GET",
				"header": [],
				"url": {
					"raw": "{{Local}}/products",
					"host": [
						"{{Local}}"
					],
					"path": [
						"products"
					]
				}
			},
			"response": []
		},
		{
			"name": "Create Product",
			"event": [
				{
					"listen": "test",
					"script": {
						"exec": [
							"\r",
							"var PN\t=pm.variables.get(\"productName\");\r",
							"var Ptype=pm.variables.get(\"productType\");\r",
							"var PUPC=pm.variables.get(\"productUpc\");\r",
							"var PPrice =pm.variables.get(\"productPrice\");\r",
							"var PDeSC=pm.variables.get(\"productDescription\");\r",
							"var PModel\t=pm.variables.get(\"productModel\");\r",
							"pm.test(\"Validate status is 201 Created\", function () {\r",
							"    pm.response.to.have.status(201);\r",
							"});\r",
							"\r",
							"// Parse the response JSON\r",
							"const responseData = pm.response.json();\r",
							"\r",
							"pm.test(\"Validate Product name value \", function () {\r",
							"    pm.expect(responseData.name).to.equal(PN);\r",
							"});\r",
							"\r",
							"pm.test(\"Validate Product type value\", function () {\r",
							"    pm.expect(responseData.type).to.equal(Ptype);\r",
							"});\r",
							"\r",
							"pm.test(\"Validate Product UPC value\", function () {\r",
							"    pm.expect(responseData.upc).to.equal(String(PUPC));\r",
							"});\r",
							"\r",
							"pm.test(\"Validate Product price value\", function () {\r",
							"    pm.expect(responseData.price).to.equal(parseFloat(PPrice));\r",
							"});\r",
							"\r",
							"pm.test(\"Valiae Product description value\", function () {\r",
							"    pm.expect(responseData.description).to.equal(PDeSC);\r",
							"});\r",
							"\r",
							"\r",
							"pm.test(\"Validate Product model value\", function () {\r",
							"    pm.expect(responseData.model).to.equal(PModel);\r",
							"});\r",
							"\r",
							"\r",
							"pm.test(\"Validate response contains product\", function () {\r",
							"    pm.expect(responseData).to.have.property('name');\r",
							"    });\r",
							"    pm.test(\"Validate response contains price\", function () {\r",
							"    pm.expect(responseData).to.have.property('price');\r",
							"\r",
							"});\r",
							" pm.test(\"Validate response contains type\", function () {\r",
							"    pm.expect(responseData).to.have.property('type');\r",
							"\r",
							" });\r",
							" pm.test(\"Extract ID\", function () {\r",
							"    pm.environment.set(\"ProductID\", responseData.id);\r",
							"});\r",
							"\r",
							""
						],
						"type": "text/javascript",
						"packages": {}
					}
				}
			],
			"request": {
				"method": "POST",
				"header": [
					{
						"key": "Content-Type",
						"value": "application/json"
					}
				],
				"body": {
					"mode": "raw",
					"raw": "{\n    \"name\": \"{{productName}}\",\n    \"type\": \"{{productType}}\",\n    \"upc\": \"{{productUpc}}\",\n    \"price\": {{productPrice}},\n    \"description\": \"{{productDescription}}\",\n    \"model\": \"{{productModel}}\"\n}\n"
				},
				"url": {
					"raw": "http://localhost:3030/products",
					"protocol": "http",
					"host": [
						"localhost"
					],
					"port": "3030",
					"path": [
						"products"
					]
				}
			},
			"response": []
		},
		{
			"name": "Get specific product",
			"event": [
				{
					"listen": "test",
					"script": {
						"exec": [
							"var PID=pm.variables.get(\"ProductID\");\r",
							"pm.test(\"Validate response code is 200\", function () {\r",
							"    pm.response.to.have.status(200);\r",
							"});\r",
							"const responseData = pm.response.json();\r",
							"\r",
							"pm.test(\"Validate Product ID value \", function () {\r",
							"    pm.expect(responseData.id).to.equal(PID);\r",
							"});\r",
							"\r",
							"\r",
							"\r",
							""
						],
						"type": "text/javascript",
						"packages": {}
					}
				}
			],
			"request": {
				"method": "GET",
				"header": [],
				"url": {
					"raw": "{{Local}}/products/:id",
					"host": [
						"{{Local}}"
					],
					"path": [
						"products",
						":id"
					],
					"variable": [
						{
							"key": "id",
							"value": "{{ProductID}}"
						}
					]
				}
			},
			"response": []
		},
		{
			"name": "Update product",
			"event": [
				{
					"listen": "test",
					"script": {
						"exec": [
							"pm.test(\"Validate product name value\", function () {\r",
							"    var jsonData = pm.response.json();\r",
							"    pm.expect(jsonData.name).to.eql(\"UPDated product Name\");\r",
							"});\r",
							"pm.test(\"Validate Status code is 200\", function () {\r",
							"    pm.response.to.have.status(200);\r",
							"});"
						],
						"type": "text/javascript",
						"packages": {}
					}
				}
			],
			"request": {
				"method": "PATCH",
				"header": [],
				"body": {
					"mode": "raw",
					"raw": "{\r\n    \"name\": \"UPDated product Name\",\r\n    \"price\": \"250.45\",\r\n     \"shipping\": \"200\"\r\n}",
					"options": {
						"raw": {
							"language": "json"
						}
					}
				},
				"url": {
					"raw": "{{Local}}/products/:id",
					"host": [
						"{{Local}}"
					],
					"path": [
						"products",
						":id"
					],
					"variable": [
						{
							"key": "id",
							"value": "{{ProductID}}"
						}
					]
				}
			},
			"response": []
		},
		{
			"name": "Delete Product",
			"event": [
				{
					"listen": "test",
					"script": {
						"exec": [
							"pm.test(\"Validate response code is 200\", function () {\r",
							"    pm.response.to.have.status(200);\r",
							"});\r",
							"pm.execution.setNextRequest(\"Delete Product again\");\r",
							"\r",
							"\r",
							"\r",
							"\r",
							"\r",
							"\r",
							"\r",
							"\r",
							""
						],
						"type": "text/javascript",
						"packages": {}
					}
				}
			],
			"request": {
				"method": "DELETE",
				"header": [],
				"url": {
					"raw": "{{Local}} /products/:id",
					"host": [
						"{{Local}} "
					],
					"path": [
						"products",
						":id"
					],
					"variable": [
						{
							"key": "id",
							"value": "{{ProductID}}"
						}
					]
				}
			},
			"response": []
		},
		{
			"name": "Delete Product again",
			"event": [
				{
					"listen": "test",
					"script": {
						"exec": [
							"\r",
							"\r",
							"pm.test(\"Validate product is already deleted \", function () {\r",
							"    pm.response.to.have.status(404);\r",
							"});\r",
							"\r",
							"\r",
							"\r",
							"\r",
							"\r",
							"\r",
							""
						],
						"type": "text/javascript",
						"packages": {}
					}
				}
			],
			"request": {
				"method": "DELETE",
				"header": [],
				"url": {
					"raw": "{{Local}} /products/:id",
					"host": [
						"{{Local}} "
					],
					"path": [
						"products",
						":id"
					],
					"variable": [
						{
							"key": "id",
							"value": "{{ProductID}}"
						}
					]
				}
			},
			"response": []
		}
	]
}